index,source_heading,mp3,duration_seconds,chunks,asr_checked,lufs,peak_db,sha256,cast_revision
0,Prologue — The World He Ended,00 - Prologue — The World He Ended.mp3,453.888,54,54,-19.5,-2.01,86f6f612253d68d2fb0a4680668c01de52457e48473bffa2a54271b4f8405ed3,mira-bella-v1
1,Chapter One — A Room for One,01 - Chapter One — A Room for One.mp3,415.798,65,65,-19.52,-2.18,3dfb0567fc7afc7281267351606d329929e0320c8481358366cd553910d87488,mira-bella-v1
2,Chapter Two — Another Voice,02 - Chapter Two — Another Voice.mp3,453.58,62,62,-19.52,-2.06,a2eba2476837b56bda0db73c80f5616a7dc037966a6a3d81ba4b27ae6ae747de,mira-bella-v1
3,Chapter Three — What the Reports Omitted,03 - Chapter Three — What the Reports Omitted.mp3,375.011,65,65,-19.49,-2.28,8e2756db2082177d2164845e5b2f1db1378f487b9048093c592d1d08121e4684,mira-bella-v1
4,Chapter Four — The Woman in the Channel,04 - Chapter Four — The Woman in the Channel.mp3,400.278,87,87,-19.52,-2.22,1c97aa11572ac5da86eddb80b8c036a5997ce04e10b7708df2670e4a3a07a73f,mira-bella-v1
5,Chapter Five — The Names of Rain,05 - Chapter Five — The Names of Rain.mp3,424.69,58,58,-19.51,-2.23,3545624734ea37822b15e5b795c7f11c4bccfc4adbcb7b7324a2a6ba93af65ef,mira-bella-v1
6,Chapter Six — The Chamber That Answered,06 - Chapter Six — The Chamber That Answered.mp3,387.625,75,75,-19.5,-2.05,5fa0ca9a3acffa5214f4f10ee04df42a254291fd3aff72a0c6c86af43420873d,mira-bella-v1
7,Chapter Seven — Permission to Leave,07 - Chapter Seven — Permission to Leave.mp3,395.814,69,69,-19.5,-2.28,e60a9600d3d2fe4093da304c06d3fe7a6a576abfba731b022cdac9f1bb2a71cb,mira-bella-v1
8,Chapter Eight — A Place for Hope,08 - Chapter Eight — A Place for Hope.mp3,433.55,50,50,-19.52,-2.16,ca024844809da21782ce5268d927cbc7e975e4996c84310b2f90272acb29ae47,mira-bella-v1
9,Chapter Nine — The Last Lift,09 - Chapter Nine — The Last Lift.mp3,436.43,72,72,-19.5,-2.19,73e6204edb32f099dd42c109e087ff0ecca3d890cc86690762e0df05257957b2,mira-bella-v1
10,Chapter Ten — The Officer Without Insignia,10 - Chapter Ten — The Officer Without Insignia.mp3,365.516,60,60,-19.53,-2.01,cf9427ee0a3f7d1deaf033170b672829056aec5138f0bddd74b7476c838dcc13,mira-bella-v1
11,Chapter Eleven — No Ownership Claim,11 - Chapter Eleven — No Ownership Claim.mp3,419.105,66,66,-19.53,-2.23,ef6e860dc807df60434bb08400658255d9c89a8705406ed00b2110a9744f8f7f,mira-bella-v1
12,Chapter Twelve — The Way Home Smelled,12 - Chapter Twelve — The Way Home Smelled.mp3,391.363,67,67,-19.51,-2.24,18cf5723ec54dc0c6e4136f834909853b65ce37f72aafc65a927c296f6fad749,mira-bella-v1
13,Chapter Thirteen — The Years He Removed,13 - Chapter Thirteen — The Years He Removed.mp3,413.767,59,59,-19.49,-2.17,2ac9584dfb82d254dfd4b0399841c84de1372adda7146dbcfc4149acd44977bd,mira-bella-v1
14,Chapter Fourteen — Five Portions,14 - Chapter Fourteen — Five Portions.mp3,364.706,74,74,-19.49,-2.13,48d68900ea29d1a68df3e555ef3ee4c4370a3b6c90f85d9995842d531bee49ec,mira-bella-v1
15,Chapter Fifteen — Before the Storm,15 - Chapter Fifteen — Before the Storm.mp3,383.655,64,64,-19.52,-2.05,a7712a10bc91c664d7ac66c10a38cba6b0b78dcbcfb727b7562b83293e0c8bed,mira-bella-v1
16,Chapter Sixteen — The Lesson He Had Not Asked For,16 - Chapter Sixteen — The Lesson He Had Not Asked For.mp3,388.521,85,85,-19.49,-2.14,3a9e96e73c541fa9b0b50964196d2eea06a6ae87fec958a217fa0b2232a1c6ea,mira-bella-v1
17,Chapter Seventeen — What the Cold Reached,17 - Chapter Seventeen — What the Cold Reached.mp3,352.776,66,66,-19.53,-2.13,c480c7c12f37ae6675b18291fd6a1848a415778cc01c17cec42a17854f874180,mira-bella-v1
18,Chapter Eighteen — The Survivor Who Would Not Thank Him,18 - Chapter Eighteen — The Survivor Who Would Not Thank Him.mp3,412.978,85,85,-19.49,-2.07,95abbbcefeaefa9b7208fe52952103831cb59b6cac29a12cbf9908ca0b303984,mira-bella-v1
19,Chapter Nineteen — The Name on the Record,19 - Chapter Nineteen — The Name on the Record.mp3,348.027,68,68,-19.49,-2.27,113c83b4e542703f0b4f2b2f6b35a78abeb058ff1e197a8db7752753e887bba9,mira-bella-v1
20,Chapter Twenty — What an Apology Could Not Buy,20 - Chapter Twenty — What an Apology Could Not Buy.mp3,370.158,68,68,-19.49,-2.23,df747afa8cc760ed17da9d764f66d21e38ae05506bb983ff3a671cf857520a20,mira-bella-v1
21,Chapter Twenty-One — The Second Dawn,21 - Chapter Twenty-One — The Second Dawn.mp3,452.221,86,86,-19.5,-1.82,f0e92a6029db5bccfd346fa3c1b5309c039f4d5afcb28b734a68f3532bd52085,mira-bella-v1
22,Chapter Twenty-Two — The People Waiting,22 - Chapter Twenty-Two — The People Waiting.mp3,348.055,54,54,-19.51,-2.18,033d8ee673f98a0a1abbbc583f446768275b1c7f160161e610052d18caf7ad72,mira-bella-v1
23,Chapter Twenty-Three — The Village That Waited,23 - Chapter Twenty-Three — The Village That Waited.mp3,339.724,60,60,-19.53,-1.98,418f03a189b3d4b74be5ece179c50d33aafd68d0d3b4b94b9435dcf4d9414498,mira-bella-v1
24,Chapter Twenty-Four — The Letters They Kept,24 - Chapter Twenty-Four — The Letters They Kept.mp3,420.947,87,87,-19.53,-1.92,e0999b6e57cf7a21667f92b5555bf3a2cdf73aee99ff53e908b35d2a929393f0,mira-bella-v1
25,Chapter Twenty-Five — The Other End of the Road,25 - Chapter Twenty-Five — The Other End of the Road.mp3,522.294,110,110,-19.48,-1.74,e58b5b1c03c3c06bbf8b126fb5d7b46c74f6a3b604c727b031e764720a76c164,mira-bella-v1
26,Chapter Twenty-Six — The Weight of a Signature,26 - Chapter Twenty-Six — The Weight of a Signature.mp3,406.925,59,59,-19.5,-2.2,5fe1543d04280879f1f76465143c3109b045a60b040534ba5c1ab5fe7368861e,mira-bella-v1
27,Chapter Twenty-Seven — The Beneficiaries,27 - Chapter Twenty-Seven — The Beneficiaries.mp3,410.091,70,70,-19.51,-2.3,52eccd4e7483a4aa7dbf8f66ed814b60722ab493219ac8facf35eb5fdd127521,mira-bella-v1
28,Chapter Twenty-Eight — Earth in the Afternoon,28 - Chapter Twenty-Eight — Earth in the Afternoon.mp3,391.048,69,69,-19.5,-2.21,5b1595a855194f2fd1ee1d036b4292fdbebecfd6114aad5615937b464cccdc58,mira-bella-v1
29,Chapter Twenty-Nine — The Patient World,29 - Chapter Twenty-Nine — The Patient World.mp3,382.149,68,68,-19.51,-2.24,7f4fbcaa7cc92b01fd17da42e0c0911f0ccd8dfeadd494309a9e74bc2bfb86ab,mira-bella-v1
30,Chapter Thirty — What Had Been Made,30 - Chapter Thirty — What Had Been Made.mp3,443.797,65,65,-19.51,-2.19,17d71126d53774bafca26ed325f070ec920731b9a9dbbd37dd98936e26f69d61,mira-bella-v1
31,Chapter Thirty-One — The Record Released,31 - Chapter Thirty-One — The Record Released.mp3,391.623,54,54,-19.51,-2.29,c109cad6d4c3a84797b6f70d3c14d845611861fa34128c6c6183d30f9ba9eae0,mira-bella-v1
32,Chapter Thirty-Two — Asking Them to Come,32 - Chapter Thirty-Two — Asking Them to Come.mp3,377.74,74,74,-19.5,-2.19,8c04cb697e9d624582078b2605ee5941bceb961ee494b107c4787313cb63c7b6,mira-bella-v1
33,Chapter Thirty-Three — What He Still Wanted,33 - Chapter Thirty-Three — What He Still Wanted.mp3,376.554,60,60,-19.48,-2.13,a4d3958fbb261f160ddb70c54ee1a45a792a2ab71fa5492442d65adb4da46c0d,mira-bella-v1
34,Chapter Thirty-Four — A Clock to Come Home To,34 - Chapter Thirty-Four — A Clock to Come Home To.mp3,373.685,53,53,-19.49,-1.77,a9637f8bec3efae455a25de74b5a1dcdae952298829cdf6f0b02f09b4acedf47,mira-bella-v1
35,Chapter Thirty-Five — The Battle Outside the Dream,35 - Chapter Thirty-Five — The Battle Outside the Dream.mp3,491.463,91,91,-19.5,-2.09,eb01b597d2ff8cb9719b06250d2c542e34a1a085ca2f14c339fc3bd5ead4407a,mira-bella-v1
36,Chapter Thirty-Six — The One Comes Home,36 - Chapter Thirty-Six — The One Comes Home.mp3,628.529,115,115,-19.48,-2.21,1cec0d5d7b0802d3c8fee2cc4ce91944944955850385fd7e2d7f617ffa1fdd43,mira-bella-v1
37,Chapter Thirty-Seven — The Lives Within It,37 - Chapter Thirty-Seven — The Lives Within It.mp3,568.369,93,93,-19.48,-2.17,5342a0b3a0d2abcbb5534f6a897aae8f61e25f0939f17477beec23089b339875,mira-bella-v1
38,Chapter Thirty-Eight — His Own to Spend,38 - Chapter Thirty-Eight — His Own to Spend.mp3,547.948,97,97,-19.51,-2.09,6761fc9dd2b25d94add47a2273ddccfb287c4814ef85a52c2de4ab662c1f2a54,mira-bella-v1
39,Chapter Thirty-Nine — The World That Remained,39 - Chapter Thirty-Nine — The World That Remained.mp3,628.192,96,96,-19.52,-2.06,04f09971a7fb899b4b3c36e21c0e511ad5dae2f1bbd7a5f5e5489ffc6e6b0cb7,mira-bella-v1
40,Chapter Forty — What Surviving Required,40 - Chapter Forty — What Surviving Required.mp3,603.939,86,86,-19.52,-2.03,31475b9876b245cf3facdaee7d871731f97d84fb0a32c6e68523318a925d9d34,mira-bella-v1
41,Epilogue — The Life Ahead of Him,41 - Epilogue — The Life Ahead of Him.mp3,567.334,82,82,-19.51,-2.13,638a1ef3a8eb6d4e559988b099d359eb03d9139dbbe97bea106d88f417936703,mira-bella-v1
