number,id,start_seconds,end_seconds,chapter,scene,title,file
1,poster,2.0,6.042,Opening · Game Poster,POSTER,A Universe Worth Fighting For,asset/videos/hover/POSTER - Sin Star I - Game Poster.mp4
2,panel-01-1,6.042,12.083,Prologue - Room for One,C00-S01,The dream that follows him,asset/videos/hover/C00-S01 - Close - Memory.mp4
3,new-c00-s01-duel,12.083,26.083,Prologue - Room for One,C00-S01,The dream that follows him,asset/videos/hover/C00-S01 - Close - Effortless.mp4
4,new-c00-s01-duel-godlike,26.083,38.083,Prologue - Room for One,C00-S01,The dream that follows him,asset/videos/hover/C00-S01_Clip2 - Wide - Godlike.mp4
5,new-c00-s01-dream,38.083,44.125,Prologue - Room for One,C00-S01,The dream that follows him,asset/videos/hover/C00-S01 - Wide - Unreachable.mp4
6,panel-01-2,44.125,50.167,Prologue - Room for One,C00-S01,The dream that follows him,asset/videos/hover/C00-S01 - Wide - Lonely.mp4
7,panel-01-3,50.167,56.167,Prologue - Room for One,C00-S02,"A contract, not a calling",asset/videos/hover/C00-S02 - Medium - Dry Humor.mp4
8,new-c00-s02-contract,56.167,60.208,Prologue - Room for One,C00-S02,"A contract, not a calling",asset/videos/hover/C00-S02 - Close - The Blank Space.mp4
9,new-c00-s03-course,60.208,64.25,Prologue - Room for One,C00-S03,"A familiar sky, an unfamiliar sound",asset/videos/hover/C00-S03 - Close - Intervention.mp4
10,panel-01-4,64.25,70.292,Prologue - Room for One,C00-S03,"A familiar sky, an unfamiliar sound",asset/videos/hover/C00-S03 - Wide - Distant Answer.mp4
11,panel-02-1,70.292,76.333,Chapter 01 - The Water Under Neris,C01-S01,Someone comes back,asset/videos/hover/C01-S01 - Action - Rescue.mp4
12,new-c01-s01-carry,76.333,82.375,Chapter 01 - The Water Under Neris,C01-S01,Someone comes back,asset/videos/hover/C01-S01 - Medium - Carry Together.mp4
13,panel-02-2,82.375,88.417,Chapter 01 - The Water Under Neris,C01-S02,No one asked her to stay,asset/videos/hover/C01-S02 - Medium - Care.mp4
14,new-c01-s02,88.417,92.458,Chapter 01 - The Water Under Neris,C01-S02,No one asked her to stay,asset/videos/hover/C01-S02 - Close - Honest Admission.mp4
15,new-c01-s03,92.458,96.5,Chapter 01 - The Water Under Neris,C01-S03,The relay answers,asset/videos/hover/C01-S03 - Medium - A Practical Choice.mp4
16,panel-02-3,96.5,102.542,Chapter 01 - The Water Under Neris,C01-S03,The relay answers,asset/videos/hover/C01-S03 - Wide - Uncanny.mp4
17,panel-02-4,102.542,106.583,Chapter 01 - The Water Under Neris,C01-S04,The princess who leaves for her people,asset/videos/hover/C01-S04 - Medium - Resolve.mp4
18,new-c01-s04,106.583,109.083,Chapter 01 - The Water Under Neris,C01-S04,The princess who leaves for her people,asset/videos/hover/C01-S04 - Medium - New Partnership.mp4
19,panel-03-1,109.083,115.125,Chapter 02 - The Man Who Came Back,C02-S01,Veyra is not waiting to be discovered,asset/videos/hover/C02-S01 - Establishing - Wonder.mp4
20,new-c02-s01,115.125,119.167,Chapter 02 - The Man Who Came Back,C02-S01,Veyra is not waiting to be discovered,asset/videos/hover/C02-S01 - Medium - Choosing The Route.mp4
21,new-c02-s02,119.167,123.208,Chapter 02 - The Man Who Came Back,C02-S02,Not a battle they can win,asset/videos/hover/C02-S02 - Action - The Last Approach.mp4
22,panel-03-2,123.208,129.25,Chapter 02 - The Man Who Came Back,C02-S02,Not a battle they can win,asset/videos/hover/C02-S02 - Action - Impossible Odds.mp4
23,new-c02-s03,129.25,133.292,Chapter 02 - The Man Who Came Back,C02-S03,Two names that sound alike,asset/videos/hover/C02-S03 - Medium - Recognition.mp4
24,panel-03-3,133.292,139.333,Chapter 02 - The Man Who Came Back,C02-S03,Two names that sound alike,asset/videos/hover/C02-S03 - Close - Guarded Warmth.mp4
25,new-c02-s04,139.333,143.375,Chapter 02 - The Man Who Came Back,C02-S04,A temporary arrangement,asset/videos/hover/C02-S04 - Wide - The Next Useful Thing.mp4
26,panel-03-4,143.375,147.417,Chapter 02 - The Man Who Came Back,C02-S04,A temporary arrangement,asset/videos/hover/C02-S04 - Medium - First Belonging.mp4
27,panel-04-1,147.417,153.458,"Chapter 03 - Persons, Not Property",C03-S01,"Zara, who is not waiting for instructions",asset/videos/hover/C03-S01 - Medium - Comic Arrival.mp4
28,new-c03-s01,153.458,157.5,"Chapter 03 - Persons, Not Property",C03-S01,"Zara, who is not waiting for instructions",asset/videos/hover/C03-S01 - Medium - The Route Underneath.mp4
29,panel-04-2,157.5,163.542,"Chapter 03 - Persons, Not Property",C03-S02,The registry,asset/videos/hover/C03-S02 - Action - Refusal.mp4
30,new-c03-s02,163.542,167.583,"Chapter 03 - Persons, Not Property",C03-S02,The registry,asset/videos/hover/C03-S02 - Close - Careful Repair.mp4
31,panel-04-3,167.583,171.625,"Chapter 03 - Persons, Not Property",C03-S03,A people with a way home,asset/videos/hover/C03-S03 - Wide - Community.mp4
32,new-c03-s03,171.625,175.667,"Chapter 03 - Persons, Not Property",C03-S03,A people with a way home,asset/videos/hover/C03-S03 - Medium - Belonging And Departure.mp4
33,panel-04-4,175.667,181.708,"Chapter 03 - Persons, Not Property",C03-S04,Five places by the fire,asset/videos/hover/C03-S04 - Wide - Warmth.mp4
34,new-c03-s04,181.708,185.75,"Chapter 03 - Persons, Not Property",C03-S04,Five places by the fire,asset/videos/hover/C03-S04 - Close - The Night Watch.mp4
35,panel-05-1,185.75,189.792,Chapter 04 - The Language Beneath,C04-S01,Before the lightning,asset/videos/hover/C04-S01 - Flashback - Courage.mp4
36,new-c04-s01,189.792,193.833,Chapter 04 - The Language Beneath,C04-S01,Before the lightning,asset/videos/hover/C04-S01 - Detail - An Unexplained Kindness.mp4
37,panel-05-2,193.833,199.875,Chapter 04 - The Language Beneath,C04-S02,A bowl of water,asset/videos/hover/C04-S02 - Medium - Practice.mp4
38,new-c04-s02,199.875,203.917,Chapter 04 - The Language Beneath,C04-S02,A bowl of water,asset/videos/hover/C04-S02 - Detail - A Necessary Limit.mp4
39,panel-05-3,203.917,209.958,Chapter 04 - The Language Beneath,C04-S03,The dream answers back,asset/videos/hover/C04-S03 - Wide - Unequal Lesson.mp4
40,new-c04-s03,209.958,214.0,Chapter 04 - The Language Beneath,C04-S03,The dream answers back,asset/videos/hover/C04-S03 - Medium - Trust Through Disclosure.mp4
41,new-c04-s04,214.0,218.042,Chapter 04 - The Language Beneath,C04-S04,What the pulses cost,asset/videos/hover/C04-S04 - Close - The Cost Outside Himself.mp4
42,panel-05-4,218.042,222.083,Chapter 04 - The Language Beneath,C04-S04,What the pulses cost,asset/videos/hover/C04-S04 - Medium - Responsibility.mp4
43,panel-06-1,222.083,228.125,Chapter 05 - What We Blame,C05-S01,Not an accident,asset/videos/hover/C05-S01 - Close - Devastating Evidence.mp4
44,new-c05-s01,228.125,232.167,Chapter 05 - What We Blame,C05-S01,Not an accident,asset/videos/hover/C05-S01 - Close - A Terrible Recognition.mp4
45,panel-06-2,232.167,236.208,Chapter 05 - What We Blame,C05-S02,The thing he says,asset/videos/hover/C05-S02 - Two-Shot - Rupture.mp4
46,new-c05-s02,236.208,240.25,Chapter 05 - What We Blame,C05-S02,The thing he says,asset/videos/hover/C05-S02 - Cinematic - Character Moment.mp4
47,panel-06-3,240.25,244.292,Chapter 05 - What We Blame,C05-S03,No one gets erased for convenience,asset/videos/hover/C05-S03 - Medium - Public Correction.mp4
48,new-c05-s03,244.292,248.333,Chapter 05 - What We Blame,C05-S03,No one gets erased for convenience,asset/videos/hover/C05-S03 - Cinematic - Character Moment.mp4
49,panel-06-4,248.333,254.375,Chapter 05 - What We Blame,C05-S04,An apology without a bargain,asset/videos/hover/C05-S04 - Close - No Bargain.mp4
50,new-c05-s04,254.375,258.417,Chapter 05 - What We Blame,C05-S04,An apology without a bargain,asset/videos/hover/C05-S04 - Cinematic - Character Moment.mp4
51,panel-07-1,258.417,262.458,Chapter 05 - What We Blame,C05-S05,The Second Dawn,asset/videos/hover/C05-S05 - Wide - Tremendous Power.mp4
52,panel-07-2,262.458,266.5,Chapter 05 - What We Blame,C05-S05,The Second Dawn,asset/videos/hover/C05-S05 - Close - Kinship.mp4
53,panel-07-3,266.5,272.542,Chapter 05 - What We Blame,C05-S05,The Second Dawn,asset/videos/hover/C05-S05 - Medium - The Unanswered Cost.mp4
54,new-c05-s05,272.542,276.583,Chapter 05 - What We Blame,C05-S05,The Second Dawn,asset/videos/hover/C05-S05 - Cinematic - Character Moment.mp4
55,panel-07-4,276.583,282.625,Chapter 05 - What We Blame,C05-S05,The Second Dawn,asset/videos/hover/C05-S05 - Wide - Refusal.mp4
56,panel-08-1,282.625,288.667,Chapter 06 - The Village That Ate,C06-S01,East Valley,asset/videos/hover/C06-S01 - Wide - Consequence.mp4
57,new-c06-s01,288.667,292.708,Chapter 06 - The Village That Ate,C06-S01,East Valley,asset/videos/hover/C06-S01 - Cinematic - Character Moment.mp4
58,new-c06-s02,292.708,296.75,Chapter 06 - The Village That Ate,C06-S02,The house with the repaired door,asset/videos/hover/C06-S02 - Cinematic - Character Moment.mp4
59,panel-08-2,296.75,300.792,Chapter 06 - The Village That Ate,C06-S02,The house with the repaired door,asset/videos/hover/C06-S02 - Medium - Threshold.mp4
60,new-c06-s03,300.792,304.833,Chapter 06 - The Village That Ate,C06-S03,"Letters, not permission to pry",asset/videos/hover/C06-S03 - Cinematic - Character Moment.mp4
61,panel-08-3,304.833,308.875,Chapter 06 - The Village That Ate,C06-S03,"Letters, not permission to pry",asset/videos/hover/C06-S03 - Close - Private Love.mp4
62,panel-08-4,308.875,312.917,Chapter 06 - The Village That Ate,C06-S04,What the food cost,asset/videos/hover/C06-S04 - Two-Shot - Difficult Honesty.mp4
63,panel-09-1,312.917,315.417,Chapter 06 - The Village That Ate,C06-S04,What the food cost,asset/videos/hover/C06-S04 - Close - Confession.mp4
64,new-c06-s04,315.417,319.458,Chapter 06 - The Village That Ate,C06-S04,What the food cost,asset/videos/hover/C06-S04 - Cinematic - Character Moment.mp4
65,new-c06-s05,319.458,323.5,Chapter 06 - The Village That Ate,C06-S05,A kingdom cannot be healed by one report,asset/videos/hover/C06-S05 - Cinematic - Discovery And Connection.mp4
66,panel-09-3,323.5,327.542,Chapter 06 - The Village That Ate,C06-S05,A kingdom cannot be healed by one report,asset/videos/hover/C06-S05 - Action - Protect The Handover.mp4
67,panel-09-2,327.542,331.583,Chapter 06 - The Village That Ate,C06-S05,A kingdom cannot be healed by one report,asset/videos/hover/C06-S05 - Detail - Institutional Concealment.mp4
68,new-c06-s06,331.583,335.625,Chapter 06 - The Village That Ate,C06-S06,Something he can carry differently,asset/videos/hover/C06-S06 - Cinematic - Discovery And Connection.mp4
69,panel-09-4,335.625,339.667,Chapter 06 - The Village That Ate,C06-S06,Something he can carry differently,asset/videos/hover/C06-S06 - Wide - Unfinished Repair.mp4
70,panel-10-1,339.667,345.708,Chapter 07 - A World Worth Keeping,C07-S01,"Earth, briefly",asset/videos/hover/C07-S01 - Medium - Ordinary Life.mp4
71,new-c07-s01,345.708,349.75,Chapter 07 - A World Worth Keeping,C07-S01,"Earth, briefly",asset/videos/hover/C07-S01 - Cinematic - Discovery And Connection.mp4
72,panel-10-2,349.75,353.792,Chapter 07 - A World Worth Keeping,C07-S02,The worlds in his notebooks,asset/videos/hover/C07-S02 - Medium - Evidence Challenged.mp4
73,new-c07-s02,353.792,357.833,Chapter 07 - A World Worth Keeping,C07-S02,The worlds in his notebooks,asset/videos/hover/C07-S02 - Cinematic - Discovery And Connection.mp4
74,new-c07-s03,357.833,361.875,Chapter 07 - A World Worth Keeping,C07-S03,The witness archive,asset/videos/hover/C07-S03 - Cinematic - Discovery And Connection.mp4
75,new-c07-s03-trace,361.875,365.917,Chapter 07 - A World Worth Keeping,C07-S03,The witness archive,asset/videos/hover/C07-S03_Clip2 - Cinematic - Discovery And Connection.mp4
76,panel-10-3,365.917,371.958,Chapter 07 - A World Worth Keeping,C07-S03,The witness archive,asset/videos/hover/C07-S03 - Wide - The Witness Archive.mp4
77,panel-10-4,371.958,376.0,Chapter 07 - A World Worth Keeping,C07-S04,The people beside the answer,asset/videos/hover/C07-S04 - Wide - Five Choices.mp4
78,new-c07-s04,376.0,380.042,Chapter 07 - A World Worth Keeping,C07-S04,The people beside the answer,asset/videos/hover/C07-S04 - Cinematic - Discovery And Connection.mp4
79,new-c07-s05,380.042,384.083,Chapter 07 - A World Worth Keeping,C07-S05,A quiet hour before leaving,asset/videos/hover/C07-S05 - Cinematic - Discovery And Connection.mp4
80,panel-11-1,384.083,390.125,Chapter 07 - A World Worth Keeping,C07-S05,A quiet hour before leaving,asset/videos/hover/C07-S05 - Two-Shot - Restrained Affection.mp4
81,panel-11-2,390.125,396.167,Chapter 08 - The Door That Listens,C08-S01,A clock to come home to,asset/videos/hover/C08-S01 - Wide - Preparation.mp4
82,new-c08-s01,396.167,400.208,Chapter 08 - The Door That Listens,C08-S01,A clock to come home to,asset/videos/hover/C08-S01 - Cinematic - The Origin.mp4
83,new-c08-s02,400.208,404.25,Chapter 08 - The Door That Listens,C08-S02,The chamber of two voices,asset/videos/hover/C08-S02 - Cinematic - The Origin.mp4
84,panel-11-3,404.25,410.292,Chapter 08 - The Door That Listens,C08-S02,The chamber of two voices,asset/videos/hover/C08-S02 - Wide - Last Invitation.mp4
85,panel-11-4,410.292,416.333,Chapter 08 - The Door That Listens,C08-S03,The battle he never wins alone,asset/videos/hover/C08-S03 - Action - Familiar Failure.mp4
86,new-c08-s03,416.333,420.375,Chapter 08 - The Door That Listens,C08-S03,The battle he never wins alone,asset/videos/hover/C08-S03 - Cinematic - The Origin.mp4
87,panel-12-1,420.375,426.417,Chapter 08 - The Door That Listens,C08-S03,The battle he never wins alone,asset/videos/hover/C08-S03 - Action - Earned Victory.mp4
88,panel-12-2,426.417,432.458,Chapter 08 - The Door That Listens,C08-S04,Hold,asset/videos/hover/C08-S04 - Action - Protective Reflex.mp4
89,panel-12-3,432.458,438.5,Chapter 08 - The Door That Listens,C08-S04,Hold,asset/videos/hover/C08-S04 - Detail - Two Authorities.mp4
90,new-c08-s04,438.5,442.542,Chapter 08 - The Door That Listens,C08-S04,Hold,asset/videos/hover/C08-S04 - Cinematic - The Origin.mp4
91,panel-12-4,442.542,446.583,Chapter 08 - The Door That Listens,C08-S04,Hold,asset/videos/hover/C08-S04 - Wide - Tense Passage.mp4
92,new-c09-s01,446.583,450.625,Chapter 09 - The Origin,C09-S01,A place someone built,asset/videos/hover/C09-S01 - Cinematic - The Origin.mp4
93,panel-13-1,450.625,456.667,Chapter 09 - The Origin,C09-S01,A place someone built,asset/videos/hover/C09-S01 - Extreme Wide - Scale.mp4
94,panel-13-2,456.667,460.708,Chapter 09 - The Origin,C09-S02,The One comes home,asset/videos/hover/C09-S02 - Close - The Witness.mp4
95,new-c09-s02,460.708,464.75,Chapter 09 - The Origin,C09-S02,The One comes home,asset/videos/hover/C09-S02 - Cinematic - The Origin.mp4
96,panel-13-3,464.75,470.792,Chapter 09 - The Origin,C09-S02,The One comes home,asset/videos/hover/C09-S02 - Medium - The Fatal Inference.mp4
97,panel-13-4,470.792,476.833,Chapter 09 - The Origin,C09-S03,An imperfect universe refuses,asset/videos/hover/C09-S03 - Wide - Refusal.mp4
98,new-c09-s03-planet,476.833,484.875,Chapter 09 - The Origin,C09-S03,An imperfect universe refuses,asset/videos/hover/C09-S03 - Final Battle - A World Hurled.mp4
99,new-c09-s03-planet-take2,484.875,492.917,Chapter 09 - The Origin,C09-S03,An imperfect universe refuses,asset/videos/hover/C09-S03_Clip2 - Final Battle - A World Hurled.mp4
100,new-c09-s03-planet-take3,492.917,502.958,Chapter 09 - The Origin,C09-S03,An imperfect universe refuses,asset/videos/hover/C09-S03_Clip3 - Final Battle - A World Hurled.mp4
101,new-c09-s03-planet-take4,502.958,513.0,Chapter 09 - The Origin,C09-S03,An imperfect universe refuses,asset/videos/hover/C09-S03_Clip4 - Final Battle - A World Hurled.mp4
102,new-c09-s03-planet-take5,513.0,523.042,Chapter 09 - The Origin,C09-S03,An imperfect universe refuses,asset/videos/hover/C09-S03_Clip5 - Final Battle - A World Hurled.mp4
103,new-c09-s03-planet-take6,523.042,533.083,Chapter 09 - The Origin,C09-S03,An imperfect universe refuses,asset/videos/hover/C09-S03_Clip6 - Final Battle - A World Hurled.mp4
104,new-c09-s03-planet-take7,533.083,543.125,Chapter 09 - The Origin,C09-S03,An imperfect universe refuses,asset/videos/hover/C09-S03_Clip7 - Final Battle - A World Hurled.mp4
105,new-c09-s03,543.125,547.167,Chapter 09 - The Origin,C09-S03,An imperfect universe refuses,asset/videos/hover/C09-S03 - Cinematic - The Origin.mp4
106,panel-14-1,547.167,551.208,Chapter 09 - The Origin,C09-S03,An imperfect universe refuses,asset/videos/hover/C09-S03 - Action - Outmatched.mp4
107,panel-14-2,551.208,557.25,Chapter 09 - The Origin,C09-S04,Not another Arin,asset/videos/hover/C09-S04 - Action - Interception.mp4
108,panel-14-3,557.25,563.292,Chapter 09 - The Origin,C09-S04,Not another Arin,asset/videos/hover/C09-S04 - Close - This Person.mp4
109,new-c09-s04,563.292,567.333,Chapter 09 - The Origin,C09-S04,Not another Arin,asset/videos/hover/C09-S04 - Cinematic - The Origin.mp4
110,panel-14-4,567.333,573.375,Chapter 09 - The Origin,C09-S05,"Five voices, two speakers",asset/videos/hover/C09-S05 - Medium - The Plan.mp4
111,panel-15-1,573.375,575.625,Chapter 09 - The Origin,C09-S05,"Five voices, two speakers",asset/videos/hover/C09-S05 - Action - The Moving Route.mp4
112,panel-15-2,575.625,581.667,Chapter 09 - The Origin,C09-S05,"Five voices, two speakers",asset/videos/hover/C09-S05 - Close - Restraint.mp4
113,new-c09-s05,581.667,585.708,Chapter 09 - The Origin,C09-S05,"Five voices, two speakers",asset/videos/hover/C09-S05 - Cinematic - Lives Worth Keeping.mp4
114,panel-15-3,585.708,591.75,Chapter 09 - The Origin,C09-S05,"Five voices, two speakers",asset/videos/hover/C09-S05 - Action - Now.mp4
115,panel-15-4,591.75,594.75,Chapter 09 - The Origin,C09-S05,"Five voices, two speakers",asset/videos/hover/C09-S05 - Wide - One More Pulse.mp4
116,new-e01-s01,594.75,598.792,Epilogue - The Lives They Kept,E01-S01,What Kael leaves,asset/videos/hover/E01-S01 - Cinematic - Lives Worth Keeping.mp4
117,panel-16-1,598.792,604.833,Epilogue - The Lives They Kept,E01-S01,What Kael leaves,asset/videos/hover/E01-S01 - Wide - Carry Him Home.mp4
118,panel-16-2,604.833,608.875,Epilogue - The Lives They Kept,E01-S02,Nothing is fixed just because the sky survived,asset/videos/hover/E01-S02 - Montage - Work Continues.mp4
119,new-e01-s02,608.875,612.917,Epilogue - The Lives They Kept,E01-S02,Nothing is fixed just because the sky survived,asset/videos/hover/E01-S02 - Cinematic - Lives Worth Keeping.mp4
120,panel-16-3,612.917,618.958,Epilogue - The Lives They Kept,E01-S03,A street in daylight,asset/videos/hover/E01-S03 - Two-Shot - Daylight.mp4
121,panel-16-4,618.958,625.0,Epilogue - The Lives They Kept,E01-S03,A street in daylight,asset/videos/hover/E01-S03 - Wide - Room For Him.mp4
122,new-e01-s03,625.0,629.042,Epilogue - The Lives They Kept,E01-S03,A street in daylight,asset/videos/hover/E01-S03 - Cinematic - Lives Worth Keeping.mp4
123,panel-17-1,629.042,633.083,Appendix A - Optional party scenes,OPT-01,What he remembers besides the fire,asset/videos/hover/OPT-01 - Close - Memory Beyond Loss.mp4
124,panel-17-2,633.083,637.125,Appendix A - Optional party scenes,OPT-02,The limit of a healer,asset/videos/hover/OPT-02 - Medium - A Concrete Need.mp4
125,panel-17-3,637.125,641.167,Appendix A - Optional party scenes,OPT-03,Why Zara stays after the interesting part,asset/videos/hover/OPT-03 - Medium - Staying Afterward.mp4
126,panel-17-4,641.167,645.208,Appendix A - Optional party scenes,OPT-04,His mother's answer,asset/videos/hover/OPT-04 - Close - More Than One Feeling.mp4
127,panel-18-1,645.208,649.25,Appendix A - Optional party scenes,OPT-05,The map only Milo can read,asset/videos/hover/OPT-05 - Medium - Another Viewpoint.mp4
128,panel-18-2,649.25,653.292,Appendix A - Optional party scenes,OPT-05,The map only Milo can read,asset/videos/hover/OPT-05 - Wide - Gentle Joke.mp4
129,panel-18-3,653.292,657.333,Appendix A - Optional party scenes,OPT-06,A hand offered back,asset/videos/hover/OPT-06 - Close - Offered Back.mp4
130,panel-18-4,657.333,661.375,Appendix A - Optional party scenes,OPT-06,A hand offered back,asset/videos/hover/OPT-06 - Medium - Accepted Care.mp4
131,cast-arin,661.375,665.417,Cast · Character Animation Review,CAST,Arin,asset/videos/hover/CAST - Arin - Character Portrait.mp4
132,cast-mira,665.417,669.458,Cast · Character Animation Review,CAST,Mira,asset/videos/hover/CAST - Mira - Character Portrait.mp4
133,cast-orin,669.458,673.5,Cast · Character Animation Review,CAST,Orin,asset/videos/hover/CAST - Orin - Character Portrait.mp4
134,cast-zara,673.5,677.542,Cast · Character Animation Review,CAST,Zara,asset/videos/hover/CAST - Zara - Character Portrait.mp4
135,cast-milo,677.542,681.583,Cast · Character Animation Review,CAST,Milo,asset/videos/hover/CAST - Milo - Character Portrait.mp4
136,cast-kael,681.583,685.625,Cast · Character Animation Review,CAST,Kael,asset/videos/hover/CAST - Kael - Character Portrait.mp4
137,cast-aevos,685.625,689.667,Cast · Character Animation Review,CAST,Aevos,asset/videos/hover/CAST - Aevos - Character Portrait.mp4
